"","Accuracy","BalAccuracy","Sensitivity","Specificity","MCC","AUC"
"External",0.837988826815642,0.861609195402299,0.896551724137931,0.826666666666667,0.586962772590319,0.861609195402299
